Subject,gender,exp,TimeRaw,TimeTrimmed,IdleTime,PathLength,AreaCovered,RoamingEntropy,MinimumPolygon,ObjectsVisited,ObjectsVisited_short10,ObjectsVisited20,ObjectVisits,ObjectVisits20,ObjectRevisits,Revisiting,Sinuosity,FractalDimension,numTurningPointsFlight160,numTurningPointsFlight180,numTurningPointsRaw160,numTurningPointsRaw180,AreaEfficiency,ObjectEfficiency,StepLengthCoeffVar,LagStepsPercent,ObjectRevisits20,Revisiting20,ObjectEfficiency20
1_59,F,1,14690,14465,6468,3950.162098646854,241.0,0.5349871482335794,255405.9509,7,4,8,7,10,0,20.69588662288282,0.4092559460779691,1.0303809001632165,3,1,2,2,0.0610101545155718,0.0017720791768008,0.1422492473579948,0.0,2,34.95603180089872,0.002025233344915247
1_62,M,1,18360,18336,8397,4952.449166946552,339.0,0.5058150810237763,242281.1878,7,4,8,12,14,5,31.195244328097733,0.2398872171382295,1.0101854658419582,5,0,0,0,0.0684509802266201,0.0014134420695762,0.124878249828321,0.0,6,55.824552792321114,0.0016153623652299745
1_64,M,1,15424,15374,5970,4670.783981044632,336.0,0.5443090108044174,494976.42159999977,5,4,8,11,13,6,20.864381423182,0.2660152016839165,1.0084075800951156,1,0,3,0,0.0719365317179264,0.0010704841029453,0.1355133332929581,0.0,5,29.05639391179914,0.0017127745647125348
1_66,F,1,15086,15001,6485,4236.079226632433,318.0,0.5357294973754559,348334.1606499997,5,2,8,6,12,1,27.19305379641357,0.1477395570816366,1.0035230322306352,1,1,0,0,0.0750694174935914,0.0011803367530438,0.1333898407514812,0.0,4,45.81654556362909,0.0018885388048702244
1_67,F,1,16802,16690,8668,3994.102234002872,249.0,0.4841892696667576,242864.6514999999,5,3,9,6,13,1,28.606890353505094,0.1403112177981195,1.0032953732446526,6,1,0,0,0.0623419195132752,0.0012518457733589,0.1281327754754856,0.0,4,40.67663271420012,0.0022533223920460943
1_69,F,1,19013,18729,10527,4070.4101335984897,240.0,0.4752215136352429,282132.7813000001,6,4,8,10,21,4,37.35057931550003,0.3023291148875956,1.0117502593732146,0,0,5,5,0.0589621173598605,0.0014740529339965,0.1361579066200676,0.0,13,57.246409311762505,0.001965403911995353
1_70,F,1,16772,16717,8920,3844.585299451369,256.0,0.5005334329174451,272502.3031999999,6,4,7,10,14,4,19.09553149488545,0.2479029043642276,1.0113607436065903,2,0,2,0,0.0665871557165168,0.0015606364621058,0.1527153985239473,0.0,7,41.45157623975594,0.0018207425391235086
1_73,F,1,14371,14313,5022,4630.449825323351,327.0,0.528898366767101,459608.71864999976,6,4,8,7,13,1,7.483756025990359,0.191927392000438,1.0066819489549323,1,0,0,0,0.0706194888910528,0.0012957704383679,0.1312693788959802,0.0,5,11.073779081953468,0.0017276939178239227
1_77,M,1,15662,15573,6910,4304.880375526274,246.0,0.503279855693028,293916.11389999994,6,3,9,18,20,12,74.18326590894497,0.2326093567697214,1.0084334909663577,3,0,1,0,0.0571444450346489,0.0013937669520646,0.1368739568988209,0.0,11,112.16207538688757,0.002090650428096912
1_78,F,1,16213,16178,6388,4869.284352635143,309.0,0.530311455547732,315443.72029999987,4,4,8,8,15,4,146.37112127580664,0.2310650734670087,1.0094300310153157,1,0,0,0,0.0634590173056491,0.0008214759521766,0.1309645339433363,0.0,7,163.36067499072814,0.0016429519043533753
1_79,M,1,17722,17144,7854,4599.562785535639,339.0,0.5376230097095019,463833.3598,5,4,9,7,17,2,32.6424988334111,0.1921298664788844,1.0058008132151035,5,1,1,0,0.0737026573625784,0.0010870598431058,0.1427316405843349,0.0,8,48.560020998600095,0.001956707717590578
1_80,F,1,14281,14099,4261,4888.101351334313,357.0,0.5576124829715843,595224.2369000004,5,3,5,5,12,0,18.04078303425775,0.1940435476890333,1.0061028814624642,3,1,1,1,0.0730344921965558,0.0010228920475708,0.1288221477866823,0.0,7,31.69004893964111,0.0010228920475708102
1_81,F,1,17529,17500,7696,4869.9120762087405,299.0,0.5434191122467269,267569.06845000014,4,1,6,6,9,2,32.47045714285714,0.2457676991849569,1.0095732578326797,3,1,1,1,0.0613974123805482,0.0008213700652916,0.1315018130316139,0.0,3,65.74582857142858,0.0012320550979374233
1_82,M,1,14770,14650,5909,4327.609665381548,235.0,0.497504802438396,249359.2204,5,3,8,10,14,5,23.06805460750853,0.2887584294733766,1.01250203193933,1,0,2,0,0.054302494487862,0.001155372223146,0.1426344133259656,0.0,6,37.324300341296926,0.0018485955570336013
1_83,F,1,17032,16922,8667,4013.93424317867,213.0,0.4986480977131597,245383.97580000004,3,2,5,7,14,4,33.478016782886186,0.4574325750891732,1.032799727159457,1,0,6,3,0.0530651443436012,0.0007473963992056,0.1683955673020549,0.0,9,69.19979907812315,0.0012456606653427527
1_84,M,1,16591,16479,7246,4600.0945600281975,266.0,0.4870737258629292,284796.3805000001,6,3,7,13,17,7,20.16475514290916,0.2263638096170101,1.0090009627035292,2,1,7,4,0.0578248982773887,0.0013043210137756,0.1256379598645841,0.0,10,31.702712543236846,0.0015217078494049678
1_86,M,1,14169,13981,3289,5330.493621699307,302.0,0.5769391381960522,293912.80305,6,5,9,11,17,5,27.278520849724625,0.2387473182780222,1.0110173757668617,3,0,2,1,0.0566551658125285,0.0011255993207787,0.1270364570765491,0.0,8,46.18661039982834,0.001688398981168069
1_88,M,1,15794,15747,5966,4871.787681858562,334.0,0.5459537572191795,387729.5567,6,4,9,10,17,4,11.846129421477109,0.2581784939415033,1.011813184241606,1,0,3,0,0.0685579959167228,0.001231580764971,0.1240402487138885,0.0,8,19.6234838381914,0.001847371147456604
1_89,F,1,15158,15001,6903,4001.290597909467,233.0,0.4980375234712194,270264.04385,7,4,8,12,16,5,63.05126324911672,0.30934254114063,1.01500174803858,0,0,5,2,0.0582312117299688,0.0017494355455355,0.1421158031346355,0.0,8,91.46390240650624,0.001999354909183481
1_90,F,1,15054,14939,7560,3669.0814581643126,248.0,0.4887928131923816,289567.87950000016,9,5,9,12,12,3,27.991364883861035,0.1772573223805036,1.0055145930426916,0,0,0,0,0.0675918490302686,0.0024529300051307,0.1282499876355729,0.0,3,44.381083071156034,0.0024529300051307156
1_92,F,1,18662,18445,9981,4123.937970923647,305.0,0.501192221027425,339686.7105499999,5,4,6,6,7,1,7.27557603686636,0.3045269037446922,1.0161178075183137,4,0,1,1,0.0739584353960805,0.0012124333671488,0.1677991679176688,0.0,1,8.872756844673352,0.0014549200405786333
1_93,M,1,17111,17063,6761,5138.366915130455,322.0,0.5139728905984049,309698.52604999987,6,4,9,9,12,3,60.05450389732169,0.2337740548622379,1.009964802515442,1,0,2,2,0.0626658246323044,0.0011676861732727,0.1240745743850815,0.0,3,79.69389907988044,0.001751529259909129
1_96,F,1,15637,15518,5998,4745.567080243367,354.0,0.530422483534507,607844.1642500015,7,4,9,10,13,3,5.287214847274133,0.1086423000095654,1.0022376321919375,3,0,0,0,0.0745959321645171,0.001475060805513,0.1264598805923258,0.0,4,7.763436009795076,0.0018965067499453518
1_97,F,1,14842,14650,5690,4398.948068721431,281.0,0.5259013520121616,358266.8451000002,5,4,6,9,13,4,16.277337883959046,0.3482350774763443,1.0191692321239203,0,0,5,3,0.0638789082321841,0.0011366353777968,0.1600439779627162,0.0,7,28.551262798634813,0.0013639624533562454
1_98,M,1,17392,17299,8208,4508.527672235115,292.0,0.5078473952667749,335504.78150000016,7,4,9,12,17,5,13.10278050754379,0.416022979764684,1.03298961359582,2,0,5,2,0.0647661545471318,0.001552613293938,0.1317772998692116,0.0,8,19.07670963639517,0.0019962170922061184
1_100,M,1,16882,16821,7804,4486.616301470211,313.0,0.5104843818908971,330326.24275,6,4,9,10,13,4,13.719517270079068,0.2869045659521719,1.014552904896282,2,1,1,0,0.0697630416707204,0.0013373107029531,0.1309817708560416,0.0,4,20.36828963795256,0.002005966054429662
1_102,F,1,16556,16496,7416,4511.544733480205,296.0,0.5148193330146319,332530.0372999998,5,3,7,11,16,6,178.7827352085354,0.1990345710305618,1.0073125202325512,3,1,3,0,0.0656094569568117,0.0011082678540001,0.1383391971665754,0.0,9,211.30855965082444,0.0015515749956002767
1_104,F,1,13602,13536,4393,4539.126188192479,333.0,0.5582956549721149,343227.1879499997,6,4,9,6,12,0,20.680851063829788,0.1432999170387166,1.0033521058881938,2,0,1,0,0.0733621375995725,0.0013218403171094,0.1343236511709296,0.0,3,59.431515957446805,0.0019827604756641236
1_105,M,1,16014,15637,8060,3762.845242462317,234.0,0.5049642840710455,236387.3476999999,4,3,7,7,13,3,28.67039713500032,0.2064364844315342,1.0062497764286666,1,1,0,0,0.0621869848271718,0.001063025381661,0.1350419371056714,0.0,6,50.125855343096504,0.0018602944179068512
1_106,M,1,17950,17916,8063,4905.5887392382565,281.0,0.4983083652778063,293117.8168499999,7,4,8,9,16,2,21.768475106050456,0.2596738749795677,1.0118150454040815,2,0,1,1,0.0572816057229522,0.0014269439148066,0.126912090625365,0.0,8,32.035889707524,0.0016307930454933011
1_107,F,1,16567,16463,7053,4682.5353230039855,305.0,0.5290358256443013,293358.6648000002,7,5,9,14,15,7,20.22116260705825,0.1610672846181262,1.0040563511942011,4,1,0,0,0.065135653862902,0.0014949166460338,0.1326879273218487,0.0,6,29.8963736864484,0.0019220356877577664
1_110,F,1,16958,16913,7705,4576.286804825904,311.0,0.5200371624942,411854.5304000001,6,4,8,8,12,2,19.939513983326435,0.1898159712816749,1.0066584829678142,1,1,1,1,0.0679590273214598,0.0013111066364268,0.1312841760544889,0.0,4,35.25128599302312,0.001748142181902505
1_111,F,1,17193,17160,8944,4090.638010627776,316.0,0.5084457682864011,448242.13960000046,7,4,9,8,10,1,21.35804195804196,0.1814891752050458,1.0051828810310366,2,0,0,0,0.07724956331482,0.0017112245038093,0.1288768047258563,0.0,1,29.782575757575756,0.002200145790611964
1_112,M,1,15164,15152,6305,4411.144801570921,286.0,0.5341317288750369,313243.7772999998,5,4,8,8,15,3,22.62143611404435,0.2046456176776488,1.0073949253683394,2,1,0,0,0.0648357768482567,0.0011334926022422,0.1259820972715686,0.0,7,34.657866948257656,0.001813588163587601
1_113,F,1,17621,17592,8765,4382.8489112727575,316.0,0.5005098300309024,280990.0825000001,6,3,8,9,13,3,10.657173715325149,0.1491879259557025,1.0038784506335408,4,1,1,0,0.0720992227651843,0.001368972584149,0.1401093062286798,0.0,5,16.3800022737608,0.0018252967788654252
1_114,M,1,18089,17948,7770,5064.761335129488,320.0,0.513497974278743,421022.6698999999,8,4,8,13,15,5,31.06841987965233,0.1968062497836111,1.0074563651455113,3,1,0,0,0.0631816543418267,0.0015795413585456,0.1275415447166341,0.0,7,46.79825050144863,0.0015795413585456676
1_115,F,1,19282,19121,11517,3760.429254848216,224.0,0.4830935881033851,236441.26945000017,6,4,8,9,11,3,43.48595784739292,0.2293220711805304,1.0076146842656606,1,0,3,2,0.0595676676302853,0.0015955625258112,0.1419838397597741,0.0,3,222.81821034464724,0.0021274167010816186
1_117,M,1,15731,15676,5918,4863.762979921046,274.0,0.5274562946290391,240157.64964999992,6,5,9,12,18,6,49.4256187803011,0.193756900974072,1.0070367280679795,2,0,0,0,0.0563349820151901,0.0012336127448581,0.1248400928705915,0.0,9,73.00421025771881,0.0018504191172872692
1_120,F,1,18064,17924,8904,4488.57500515828,322.0,0.5062901278110927,477774.4492500001,3,3,5,4,12,1,26.103994644052666,0.1895758319935928,1.0055445595742118,2,1,0,0,0.0717376894960999,0.0006683635667338,0.126632585963385,0.0,7,41.340604775719704,0.0011139392778897511
1_121,F,1,17073,17001,10286,3180.4753747021578,220.0,0.4707564801658552,274166.29445000004,3,3,5,4,9,1,17.708311275807304,0.3772922000326499,1.0197481810515492,1,0,10,8,0.0691720494835154,0.0009432552202297,0.2237984866850301,0.0,4,28.44073878007176,0.0015720920337162602
1_122,M,1,19914,19671,11009,4294.795691390504,295.0,0.4605054083284201,281454.55500000017,5,4,8,9,15,4,145.57800823547353,0.1864079339645388,1.0056761216054364,2,0,0,0,0.0686877842853775,0.0011641997336504,0.1404600028197717,0.0,7,182.56423160998423,0.001862719573840748
1_125,F,1,14947,14903,6057,4396.852128823811,293.0,0.5138182763231294,363005.76025,4,4,9,7,14,3,30.408575454606456,0.2602929674825527,1.0102031377259093,1,0,1,0,0.0666385840176934,0.0009097417613336,0.133521953746272,0.0,5,45.952895390189894,0.002046918963000824
1_127,F,1,17217,17163,8123,4500.963779362771,318.0,0.5122266170431173,279989.1818,5,3,9,7,16,2,10.657926935850377,0.2337453485872485,1.010061842479104,3,0,2,2,0.0706515350019149,0.001110873191854,0.1342298590048651,0.0,7,18.729825788032397,0.001999571745337214
1_128,F,1,14124,14051,5837,4078.3323219230224,308.0,0.5590226593100696,312364.9266500002,6,4,8,7,10,1,7.893744217493417,0.1632629676190739,1.0052102059222154,7,2,0,0,0.0755210649079159,0.0014711895761282,0.1350382811576444,0.0,2,13.486655754038859,0.0019615861015043097
1_129,F,1,15018,14895,6574,4145.055128617203,264.0,0.5223046152857969,281262.9855000001,8,4,8,9,11,1,33.28734474655925,0.1710466147707506,1.0049123248700411,5,1,0,0,0.0636903471264737,0.001930010518984,0.1259696359243173,0.0,3,48.602618328298085,0.0019300105189840532
1_131,M,1,17100,16976,8781,4079.5284487344975,285.0,0.4971494522422718,348811.8258499996,7,4,9,9,13,2,14.953817153628652,0.1787648562168125,1.005781865314943,3,0,1,0,0.0698610154534917,0.0017158845900857,0.1331465373186832,0.0,4,20.857210179076343,0.0022061373301102663
1_134,F,1,16560,16169,8243,3887.689191846716,266.0,0.491856295958667,296973.13005,5,2,7,6,14,1,46.63584637268848,0.3667940684950959,1.016620205193264,2,1,3,2,0.0684211074686363,0.0012861110426435,0.1573700386640216,0.0,7,108.55958933762138,0.0018005554597009556
1_136,M,1,16787,16758,7084,4811.602614102693,279.0,0.5054751245577283,245429.9397,5,3,7,8,13,3,23.04899152643513,0.2778707715934704,1.0138696587855347,5,1,6,3,0.0579848383950614,0.0010391548099473,0.1331162544394868,0.0,6,37.257250268528466,0.0014548167339262735
1_137,M,1,17437,17304,9571,3849.664678137825,303.0,0.4801942653282531,462785.8901999998,6,4,9,6,11,0,173.14921405455385,0.145634881295458,1.0034915058214215,0,0,0,0,0.078708153912919,0.0015585773052063,0.1321339828923373,0.0,2,180.0709662505779,0.0023378659578094773
1_138,M,1,17399,17328,7830,4726.071903546468,277.0,0.4945075025243424,316126.93975,6,4,9,10,16,4,44.0944136657433,0.2712571975014192,1.0128109841505455,3,1,1,0,0.0586110422467626,0.0012695532616627,0.1282745937693991,0.0,7,73.35318559556787,0.0019043298924940931
1_141,M,1,15742,15638,6027,4778.0284521581325,335.0,0.5185342383994815,376173.3426000001,4,4,7,5,11,1,19.726499552372427,0.1453487084746499,1.004086137918868,3,0,1,1,0.0701126004908337,0.000837165378995,0.1313812658816101,0.0,4,34.42013045146438,0.0014650394132413027
2_15,F,2,17567,17390,3269,7035.058354009461,301.0,0.5836962385576561,229744.09395000016,6,6,9,15,25,9,76.6252443933295,0.1398588749587591,1.003420986493889,1,0,0,0,0.0427857147522383,0.00085287139041,0.1337617880672837,0.0,16,124.8215641173088,0.0012793070856150991
2_16,F,2,16455,16244,2223,6979.088761026915,433.0,0.6532590607904549,516370.19715,6,3,9,9,18,3,18.450012312238364,0.1402875195719408,1.003070268007494,2,0,3,2,0.0620424836001494,0.0008597110891475,0.1310002348840943,0.0,9,28.852437823196258,0.001289566633721352
2_17,F,2,17348,16743,5093,5810.257903450426,344.0,0.5804453722370025,255458.1576999999,5,1,8,11,15,6,66.90766290390013,0.1494772073486512,1.0037484919033823,4,1,0,0,0.0592056335047907,0.0008605469986161,0.1355295901536539,0.0,7,98.69019888908798,0.0013768751977858323
2_19,M,2,17076,16503,2877,6775.997273965773,519.0,0.6613378255167536,478491.35245,7,2,8,14,13,7,12.89959401320972,0.1492931637567206,1.0043550326825137,0,0,0,0,0.076593891499051,0.0010330582668465,0.1325331904348083,0.0,5,26.42028722050536,0.001180638019253195
2_20,F,2,16474,16108,2499,6779.771483211856,397.0,0.6406696190886165,377775.9316,8,5,9,11,17,3,26.9672212565185,0.1543615220973617,1.0034504344422084,2,1,1,1,0.0585565458928897,0.0011799807736602,0.1257561384436351,0.0,8,44.29556741991557,0.0013274783703677768
2_21,M,2,15738,15503,1758,6839.776716023194,492.0,0.668262965471677,599845.5248,7,4,9,11,15,4,14.891053344513963,0.2574326550026901,1.0100905997729008,4,1,3,0,0.0719321727049096,0.0010234252214113,0.1340018129565308,0.0,6,22.87466941882216,0.0013158324275288347
2_27,F,2,17788,16708,5523,5521.962691590998,334.0,0.6061432181536903,439327.3086999998,9,5,9,17,18,8,35.40274120181949,0.2522872751912458,1.010431027492494,2,0,3,3,0.0604857400627904,0.001629855271153,0.1487737648015622,0.0,9,52.9276394541537,0.001629855271153037
2_32,F,2,15982,15300,3183,5982.293031656614,337.0,0.6228240569003999,266763.3175999999,4,2,8,8,18,4,30.97503267973856,0.2657699280950165,1.0086957655707014,1,0,7,5,0.0563329141880363,0.0006686399310152,0.1536396158697045,0.0,10,51.25686274509804,0.001337279862030537
2_33,F,2,20559,19634,8562,5431.464961965154,359.0,0.5776501528866291,334392.64379999985,6,4,8,11,16,5,56.66074157074463,0.3222964673366506,1.016558024559641,2,0,4,2,0.0660963483174363,0.0011046743451382,0.1618752026583037,0.0,8,75.02393806661912,0.0014728991268509494
2_34,F,2,16060,15230,3937,5524.013832876748,368.0,0.6343678401048868,392881.15445,4,1,8,5,9,1,11.737294812869337,0.3543172334456198,1.0190644511113591,4,0,10,4,0.0666182256477725,0.0007241111483453,0.1668780760915114,0.0,1,20.358108995403807,0.001448222296690707
2_35,F,2,17975,16379,1916,7183.346991865783,538.0,0.6870376056831783,559933.6333500006,6,2,8,7,11,1,5.999572623481287,0.1279899653449633,1.002738357042382,1,1,0,0,0.0748954492396393,0.0008352652331558,0.1340505443612571,0.0,3,10.809451126442395,0.001113686977541106
2_36,M,2,16068,15381,1537,6889.51461834313,388.0,0.6414602623963925,360969.4597499999,8,1,9,16,23,8,36.73525778557961,0.2726252824584524,1.0137038394091578,3,1,3,1,0.0563174652343376,0.0011611848501925,0.1248403242500608,0.0,14,56.60067615889734,0.0013063329564665942
2_37,F,2,16724,16385,1541,7399.073628924149,515.0,0.6746890898405932,363309.4342000001,8,5,9,12,15,4,16.674702471772964,0.1309005147374651,1.0033441988191365,2,0,0,0,0.0696033079042197,0.0010812164334636,0.1283196572101302,0.0,6,33.6608483368935,0.0012163684876465586
2_38,M,2,17540,16744,1858,7402.615496478605,418.0,0.6434561593103505,326478.6787999999,8,5,9,18,26,10,42.4872790253225,0.2279342830400788,1.0074750951082403,2,0,5,0,0.0564665286477247,0.0010806991128751,0.1511496305158512,0.0,17,71.67158385093168,0.0012157865019845034
2_41,F,2,16377,15579,3206,6043.069985179314,386.0,0.6395100746584542,286082.74855,4,1,5,5,6,1,15.923743500866552,0.3686435402650005,1.0220567177482665,6,1,12,10,0.063874818750514,0.0006619152202125,0.1745792622382504,0.0,1,28.801527697541562,0.0008273940252657253
2_42,M,2,16810,16665,3726,6438.564005906741,460.0,0.6447968594340465,503066.6167499999,6,4,8,8,11,2,15.356915691569156,0.161030624734019,1.0036572981863086,1,0,5,5,0.0714445021557595,0.0009318848107272,0.1315107957602341,0.0,3,33.61320132013201,0.0012425130809697313
2_43,F,2,8377,8211,1283,3453.4220633982027,232.0,0.5848384628055064,229991.19149999967,6,4,7,9,12,3,13.626842041164291,0.0840461223952783,1.0012119822814312,1,0,0,0,0.0671797410629008,0.0017374070964543,0.1235843554830058,0.0,5,22.36560711241018,0.0020269749458633876
2_44,M,2,13815,12944,2363,5263.748731688533,255.0,0.5805153980491555,365154.9081999997,6,3,9,16,18,10,52.62863102595797,0.2569844585690948,1.008805207048817,5,0,0,0,0.0484445616609438,0.001139872039081,0.0834280171912117,0.0,9,76.07200247218789,0.001709808058621547
2_45,F,2,16890,16005,5691,5053.11143374531,307.0,0.6010951388613869,321609.6561000004,6,3,8,13,19,7,32.38369259606373,0.1970231804302913,1.0049251024138874,2,0,1,0,0.0607546467211895,0.0011873872323359,0.1641193468823389,0.0,11,53.00687285223368,0.0015831829764479364
2_46,F,2,15361,15192,4080,5504.6090109368615,354.0,0.6206412342210884,300536.28175,7,2,9,10,13,3,27.19293048973144,0.2153056120841724,1.007561202251031,5,0,1,0,0.0643097446697219,0.0012716616177628,0.1257532341016816,0.0,4,42.48617693522907,0.001634993508552252
2_47,M,2,17052,16886,4530,6119.064499709988,410.0,0.6375327521999422,402657.75555,7,2,9,11,16,4,22.72805874689092,0.2241550888255855,1.0074635060217596,3,1,5,4,0.0670037062069589,0.0011439657157285,0.1469107980552973,0.0,7,39.49804571834656,0.0014708130630795857
2_48,F,2,18222,16763,8838,3900.6106916456047,273.0,0.548962785686403,233297.5328,6,4,7,10,12,4,44.3980791027859,0.2798829228327746,1.0112830360888805,2,0,2,1,0.069989040584008,0.001538220672176,0.1539241684544342,0.0,5,61.70959852055121,0.001794590784205335
2_49,M,2,13972,13529,2646,5390.842865333484,277.0,0.587147889737334,263355.90595,7,4,9,19,21,12,48.24473353536847,0.3201563647645503,1.016926379705741,4,2,10,7,0.0513834305542987,0.0012984982450544,0.1487350786902843,0.0,12,70.16350062827999,0.001669497743641476
2_50,F,2,15934,15644,3690,5962.909333574968,368.0,0.6175470136559255,513843.9799999999,5,4,8,9,15,4,24.82728202505753,0.1299509921789595,1.0026221369204735,2,0,0,0,0.0617148407620297,0.0008385168581797,0.1253422554947164,0.0,7,36.55311940680133,0.001341626973087603
2_51,F,2,18028,17368,7223,5013.133422254523,331.0,0.5924122998117226,287700.7228999997,6,2,8,12,16,6,50.21453247351451,0.3669047599818882,1.01849174286434,5,0,10,10,0.0660265690377619,0.001196856236334,0.1525134685233637,0.0,8,83.92417088899124,0.001595808315112071
2_52,F,2,16513,16041,4657,5623.125877115825,382.0,0.6243537554390219,632972.7292499997,6,3,6,11,14,5,18.85013403154417,0.3958046176424259,1.0222710582724748,1,0,8,7,0.0679337450997865,0.0010670221743421,0.1408274180750755,0.0,8,26.590237516364315,0.0010670221743421969
2_55,F,2,17900,17544,5612,5900.068335083515,344.0,0.6006744617207624,303007.6563000001,6,4,8,14,23,8,66.57763337893297,0.3881304906690771,1.0219295202479757,6,0,14,11,0.0583044094514086,0.0010169373741524,0.1462712119612038,0.0,15,86.9860921112631,0.0013559164988699679
2_56,F,2,17616,16596,3100,6707.664208502951,439.0,0.6493563773423383,644812.8578500007,7,4,9,12,16,5,20.2912147505423,0.1671954056162345,1.0036116796984598,2,0,4,4,0.065447521872592,0.0010435823533215,0.139307155317114,0.0,7,30.768618944323933,0.0013417487399848037
2_57,M,2,16715,16270,1897,7149.737932611033,461.0,0.6563289591839786,376560.55525,8,3,9,9,18,1,14.34843269821758,0.3456502586489879,1.0175164321177932,7,1,12,7,0.0644778877694676,0.0011189221304896,0.1226115931563909,0.0,9,27.094161032575293,0.0012587873968008872
2_58,F,2,16463,16101,5299,5335.344465704597,296.0,0.5763872918863525,304081.25724999985,5,4,8,12,17,7,62.12440221104279,0.2899625017247498,1.010309330841716,7,0,2,2,0.0554790795426007,0.0009371466138952,0.1544940465235317,0.0,9,99.67051735917023,0.0014994345822324526
2_60,M,2,16980,16445,4021,6139.709985841651,401.0,0.6364595875007756,419476.24859999993,6,2,9,9,18,3,20.008695652173916,0.338242964697266,1.0166752393735454,5,1,13,9,0.0653125311984959,0.0009772448558378,0.1441873937057775,0.0,9,29.562845849802372,0.001465867283756767
2_62,M,2,16345,15646,6164,4695.731688963636,276.0,0.5813985659921479,257179.82049999997,5,2,9,9,18,4,38.96465550300396,0.3141666161219696,1.0177867354905183,5,0,1,1,0.0587767824658044,0.0010647967838008,0.1438935123170276,0.0,9,62.55413524223444,0.0019166342108414484
2_64,F,2,17191,16595,9294,3622.265888126216,266.0,0.5035227591523029,373573.0042999999,5,3,9,6,14,1,69.25676408556794,0.2341784737993872,1.0067466808042,4,0,0,0,0.0734346975665004,0.0013803514580169,0.1259056086119523,0.0,5,84.6859294968364,0.002484632624430468
2_66,M,2,15554,15315,2742,6144.777030093115,395.0,0.6326028219021339,367379.9848000002,7,4,8,8,13,1,17.80058765915769,0.3493373259983459,1.0178715503263844,4,1,20,17,0.0642822348256978,0.0011391788450123,0.1671956169178751,0.0,5,24.893633692458373,0.0013019186800141342
2_68,F,2,14314,14086,6295,3875.004929450186,240.0,0.5228971849600582,283447.1956500001,4,3,5,11,11,7,19.837924180036914,0.2179976685131812,1.0072860800446637,3,0,1,1,0.061935405081937,0.0010322567513656,0.1238600704745345,0.0,6,46.11096123810876,0.001290320939207021
2_69,F,2,17460,16919,6061,5383.897488349867,265.0,0.557672236141326,181874.4057999999,6,3,9,11,21,5,91.69578580294343,0.3319361352771561,1.0155099599769817,2,0,8,8,0.0492208480145525,0.0011144342946691,0.1485083370006493,0.0,12,173.46232046811278,0.0016716514420036714
2_70,F,2,15571,15220,1108,7031.092868717456,371.0,0.6373407728954623,292506.5594,6,4,9,18,25,12,37.91865965834428,0.2686143155335508,1.012497679718071,5,1,8,2,0.0527656236273941,0.0008533524036775,0.1021500849382415,0.0,16,61.510512483574246,0.0012800286055162989
2_71,F,2,17079,17020,5968,5492.891230683876,361.0,0.596877317608638,529731.01865,5,4,5,9,10,4,27.940893066980024,0.2488195438593417,1.0079404873850573,2,1,4,4,0.0657213086586196,0.0009102674329448,0.1373819378510707,0.0,5,43.67126909518214,0.0009102674329448701
2_72,F,2,15897,15865,3368,6204.568304205563,349.0,0.6051541136648559,329607.52599999995,6,2,9,11,24,5,41.22117869524109,0.2833072440761012,1.0124195809137235,2,0,4,4,0.0562488770997076,0.0009670294057256,0.1339160200607108,0.0,15,79.60705956508036,0.0014505441085884484
2_73,M,2,16518,16273,3799,6178.624680120187,323.0,0.5828874436502941,195760.35935,7,5,9,17,17,10,112.79327720764456,0.3788652413916261,1.0202743018561111,5,1,10,6,0.0522770060850689,0.0011329382123699,0.145565504185358,0.0,8,157.3135869231242,0.0014566348444756045
2_74,M,2,15610,15310,5876,4684.6008100858935,295.0,0.5556989132969627,317546.89045000006,7,3,9,12,17,5,64.83749183540169,0.1761507096851832,1.0042071442067138,1,1,3,3,0.0629722813019346,0.0014942575224187,0.1349672074241619,0.0,8,81.67112998040497,0.0019211882431098717
2_76,M,2,16250,15351,2485,6371.417582643866,443.0,0.6502763131933431,447601.4091,6,4,8,11,20,5,15.685557944107876,0.2147988858244466,1.0066720109144351,1,0,5,3,0.069529267898993,0.0009417056600315,0.1329275440685182,0.0,12,27.419581786202855,0.001255607546708678
2_77,M,2,15218,14953,1042,6926.349711756573,446.0,0.6620299289323613,391269.6335499998,6,3,9,13,20,7,18.119574667290845,0.1766651700838807,1.0048045697890124,4,0,3,2,0.0643917818996308,0.0008662571556004,0.1146371764268848,0.0,11,30.97906774560289,0.0012993857334006218
2_78,M,2,16081,15532,3863,5793.031185744865,364.0,0.6198878782945628,336646.98745,7,4,9,9,15,2,16.350824105073396,0.2578266806329303,1.0102307244894806,2,0,6,6,0.0628341171191532,0.0012083484061375,0.1454449260170631,0.0,6,26.452420808653102,0.0015535908078911514
2_80,M,2,16075,15620,5092,5233.4741277721805,371.0,0.598483839483417,470735.45665,5,4,7,9,13,4,13.57752880921895,0.2160095169258711,1.0059370522641444,1,1,4,4,0.070889812568526,0.0009553883095488,0.1364490168830362,0.0,6,25.683290653008964,0.0013375436333684153
2_81,F,2,16135,16049,6249,4785.058629980584,344.0,0.6064670693543825,352622.25735000015,6,3,9,9,14,3,22.8009221758365,0.3374512516822426,1.015653515201449,3,0,4,2,0.0718904461994848,0.0012539031313863,0.167304336256824,0.0,5,37.6838432301078,0.0018808546970795464
2_83,F,2,17556,16554,5606,5406.679230188665,386.0,0.6105837875880207,479552.1669,5,4,6,9,9,4,13.790685030808264,0.3026152914943571,1.014905376789891,3,0,0,0,0.0713931756566462,0.0009247820680912,0.145346719986817,0.0,3,21.340099069711247,0.0011097384817095263
2_84,M,2,17056,15814,1994,6864.873110859768,471.0,0.6550399704950295,543907.0723000003,6,4,9,11,19,5,10.890982673580371,0.2951606610074744,1.0145726616469348,5,0,8,7,0.0686101538067629,0.0008740146981753,0.1400419224048229,0.0,10,20.10971291260908,0.0013110220472629865
2_85,F,2,15851,15816,4860,5380.416082884874,355.0,0.6179567371740754,335428.31245,5,3,8,8,12,3,16.41660343955488,0.297104651663594,1.0133677696740715,3,0,3,1,0.0659800272936616,0.0009292961590656,0.1533143089390849,0.0,4,29.846737481031866,0.0014868738545050508
2_86,F,2,16479,15859,5777,5006.062171602372,281.0,0.5671935303825509,318262.3054500001,5,3,8,8,16,3,54.13292136956933,0.185980872732209,1.0051885252813213,4,1,0,0,0.0561319437049771,0.0009987890338963,0.1288160270807538,0.0,8,156.25569077495427,0.001598062454234225
2_90,F,2,18246,17802,8326,4688.689271224991,254.0,0.5289568821569649,207433.86070000005,4,3,8,10,19,6,57.31086394787103,0.2895412159370363,1.011606119933775,4,0,5,3,0.0541729223898086,0.0008531168880284,0.1415890624331961,0.0,11,88.11903156948658,0.001706233776056966
2_93,M,2,15743,15583,539,7487.720613249869,472.0,0.672885899464313,393752.72955,7,5,9,12,20,5,18.554963742539947,0.2929739079488199,1.0143999467205136,3,1,5,2,0.0630365400072184,0.000934863940785,0.123960415790583,0.0,11,31.76147083360072,0.0012019679238664544
